Designator,Mid X,Mid Y,Rotation,Layer
C1,158.451,-51.913,90.0,top
C10,176.268,-51.79,90.0,top
C11,179.768,-41.84,270.0,top
C12,166.468,-51.54,90.0,top
C13,177.736,-41.84,90.0,top
C14,178.752,-39.046,180.0,top
C15,190.036,-51.79,90.0,top
C16,191.016,-49.05,0.0,top
C17,192.036,-51.79,90.0,top
C18,195.536,-41.84,270.0,top
C19,182.236,-51.54,90.0,top
C2,159.431,-49.173,0.0,top
C20,193.504,-41.84,90.0,top
C21,194.52,-39.046,180.0,top
C22,205.736,-51.760833,90.0,top
C23,206.716,-49.020833,0.0,top
C24,207.736,-51.760833,90.0,top
C25,211.236,-41.810833,270.0,top
C26,197.936,-51.510833,90.0,top
C27,209.204,-41.810833,90.0,top
C28,210.22,-39.016833,180.0,top
C29,221.436,-51.810499,90.0,top
C3,160.451,-51.913,90.0,top
C30,222.416,-49.070499,0.0,top
C31,223.436,-51.810499,90.0,top
C32,226.936,-41.860499,270.0,top
C33,213.636,-51.560499,90.0,top
C34,224.904,-41.860499,90.0,top
C35,225.92,-39.066499,180.0,top
C36,237.236,-51.79,90.0,top
C37,238.216,-49.05,0.0,top
C38,239.236,-51.79,90.0,top
C39,242.736,-41.84,270.0,top
C4,163.951,-41.963,270.0,top
C40,229.436,-51.54,90.0,top
C41,240.704,-41.84,90.0,top
C42,241.72,-39.046,180.0,top
C43,252.868,-51.805367,90.0,top
C44,253.848,-49.065367,0.0,top
C45,254.868,-51.805367,90.0,top
C46,258.368,-41.855367,270.0,top
C47,245.068,-51.555367,90.0,top
C48,256.336,-41.855367,90.0,top
C49,257.352,-39.061367,180.0,top
C5,150.7,-51.1,90.0,top
C50,268.568,-51.75,90.0,top
C51,269.548,-49.01,0.0,top
C52,270.568,-51.75,90.0,top
C53,274.068,-41.8,270.0,top
C54,260.768,-51.5,90.0,top
C55,272.036,-41.8,90.0,top
C56,273.052,-39.006,180.0,top
C57,140.7,-57.8,270.0,top
C58,126.75,-38.6,0.0,top
C59,129.45,-39.6,90.0,top
C6,161.919,-41.963,90.0,top
C60,126.75,-40.6,0.0,top
C61,116.75,-46.15,270.0,top
C62,119.95,-47.1,0.0,top
C63,119.95,-49.1,0.0,top
C64,122.95,-40.6,180.0,top
C65,120.25,-39.8,90.0,top
C66,122.95,-38.6,180.0,top
C67,138.3,-42.062,90.0,top
C68,144.3,-45.85,90.0,top
C69,147.0,-45.1,0.0,top
C7,162.935,-39.169,180.0,top
C70,147.0,-47.1,0.0,top
C8,174.268,-51.79,90.0,top
C9,175.248,-49.05,0.0,top
D1,127.05,-44.3,270.0,top
D2,123.65,-44.3,90.0,top
IC1,159.451,-46.063,0.0,top
IC10,206.736,-45.910833,0.0,top
IC11,201.768,-49.310833,90.0,top
IC12,206.392942,-42.011169,90.0,top
IC13,222.436,-45.960499,0.0,top
IC14,217.468,-49.360499,90.0,top
IC15,222.086,-42.010499,90.0,top
IC16,238.236,-45.94,0.0,top
IC17,233.268,-49.34,90.0,top
IC18,237.886,-41.99,90.0,top
IC19,253.868,-45.955367,0.0,top
IC2,159.101,-42.113,90.0,top
IC20,248.9,-49.355367,90.0,top
IC21,253.518,-42.005367,90.0,top
IC22,269.568,-45.9,0.0,top
IC23,264.6,-49.3,90.0,top
IC24,269.226399,-41.99683,90.0,top
IC25,145.5,-54.3,180.0,top
IC26,132.3,-39.55,90.0,top
IC27,119.85,-44.3,180.0,top
IC28,117.45,-39.85,270.0,top
IC29,147.0,-42.3,180.0,top
IC3,154.483,-49.463,90.0,top
IC30,142.1,-40.062,90.0,top
IC4,175.268,-45.94,0.0,top
IC5,170.3,-49.34,90.0,top
IC6,174.918,-41.99,90.0,top
IC7,191.036,-45.94,0.0,top
IC8,186.068,-49.34,90.0,top
IC9,190.686,-41.99,90.0,top
J1,153.868,-40.84,0.0,top
J10,163.368,-50.365,0.0,top
J11,179.223,-50.342,0.0,top
J12,194.991,-50.342,0.0,top
J13,210.653,-50.362833,0.0,top
J14,226.353,-50.362499,0.0,top
J15,242.191,-50.342,0.0,top
J16,257.823,-50.357367,0.0,top
J17,273.468,-50.375,0.0,top
J18,105.65,-38.1,90.0,top
J19,111.75,-38.7,0.0,top
J2,169.623,-40.767,0.0,top
J20,113.04,-56.25,180.0,top
J21,105.65,-53.0,90.0,top
J22,130.9,-59.375,270.0,top
J23,136.625,-59.375,270.0,top
J24,117.0,-32.95,0.0,top
J3,185.391,-40.717,0.0,top
J4,201.153,-40.687833,0.0,top
J5,216.853,-40.787499,0.0,top
J6,232.591,-40.717,0.0,top
J7,248.223,-40.8,0.0,top
J8,263.968,-40.7,0.0,top
J9,135.75,-32.95,0.0,top
R1,165.151,-45.363,90.0,top
R10,212.436,-45.210833,90.0,top
R11,210.018,-45.214833,90.0,top
R12,206.287611,-38.947684,0.0,top
R13,228.136,-45.260499,90.0,top
R14,225.718,-45.264499,90.0,top
R15,222.036,-38.960499,0.0,top
R16,243.771096,-45.239894,90.0,top
R17,241.518,-45.244,90.0,top
R18,237.836,-38.94,0.0,top
R19,259.568,-45.255367,90.0,top
R2,162.733,-45.367,90.0,top
R20,257.15,-45.259367,90.0,top
R21,253.468,-38.955367,0.0,top
R22,275.268,-45.2,90.0,top
R23,272.85,-45.204,90.0,top
R24,269.128974,-38.933345,0.0,top
R25,158.3,-36.3,90.0,top
R26,174.1,-36.3,90.0,top
R27,189.8,-36.3,90.0,top
R28,205.6,-36.3,90.0,top
R29,221.3,-36.3,90.0,top
R3,159.051,-39.063,0.0,top
R30,237.0,-36.3,90.0,top
R31,252.7,-36.3,90.0,top
R32,268.4,-36.3,90.0,top
R33,127.4,-59.95,180.0,top
R34,146.6,-39.5,0.0,top
R35,146.5875,-37.6,0.0,top
R36,149.4,-36.3,90.0,top
R39,135.8375,-38.3,180.0,top
R4,180.968,-45.24,90.0,top
R40,135.05,-41.7,90.0,top
R41,130.4375,-42.6,0.0,top
R42,129.75,-45.3,90.0,top
R43,123.65,-48.6,90.0,top
R44,125.585,-48.6,270.0,top
R45,122.6,-36.2,180.0,top
R46,122.6,-34.3,180.0,top
R5,178.55,-45.244,90.0,top
R6,174.868,-38.94,0.0,top
R7,196.736,-45.24,90.0,top
R8,194.318,-45.244,90.0,top
R9,190.636,-38.94,0.0,top
